Workbook
Name CoinList: Lists!$B$5:$B$12
Name ExchangeList: Lists!$D$5:$D$12

Sheet Read Me
B2: Crypto Portfolio Tracker — Community Edition
B4: ABOUT
B5: Free, formula-driven crypto portfolio tracker. No macros, no setup — works in Excel,
B6: WPS Office, and Google Sheets (import the .xlsx). CC BY 4.0 — use it, share it, keep attribution.
B8: QUICK START — 3 STEPS
B9: 1. Trade Log — enter date, BUY or SELL, coin, exchange, qty, price, fee.
B10: 2. Holdings — paste the current price for each coin you hold (column marked *).
B11: 3. Everything else recalculates automatically. Delete sample rows, add your trades.
B13: GOOD TO KNOW
B14: - Avg Buy Price is a weighted average including fees (buys only).
B15: - Need a coin not in the list? Rename an unused row on the Lists sheet.
B16: - More than 32 trades? Drag-fill down — formulas and dropdowns copy.
... B21: Details in the repository README. Support/feedback: assassinationss@163.com

Sheet Holdings
B2: Holdings
B4: Coin | C4: Qty Held | D4: Avg Buy Price | E4: Current Price * | F4: Cost Basis | G4: Current Value | H4: P&L (USD) | I4: P&L (%)
B5: BTC | C5: =SUMIFS('Trade Log'!$F$5:$F$36,'Trade Log'!$D$5:$D$36,$B5,'Trade Log'!$C$5:$C$36,"BUY")-SUMIFS('Trade Log'!$F$5:$F$36,'Trade Log'!$D$5:$D$36,$B5,'Trade Log'!$C$5:$C$36,"SELL") | D5: =IFERROR(SUMPRODUCT(('Trade Log'!$D$5:$D$36=$B5)*('Trade Log'!$C$5:$C$36="BUY")*('Trade Log'!$F$5:$F$36*'Trade Log'!$G$5:$G$36+'Trade Log'!$H$5:$H$36))/SUMIFS('Trade Log'!$F$5:$F$36,'Trade Log'!$D$5:$D$36,$B5,'Trade Log'!$C$5:$C$36,"BUY"),0) | E5: 94800 | F5: =C5*D5 | G5: =C5*E5 | H5: =G5-F5 | I5: =IFERROR(H5/F5,0)
B6: ETH | C6: =SUMIFS('Trade Log'!$F$5:$F$36,'Trade Log'!$D$5:$D$36,$B6,'Trade Log'!$C$5:$C$36,"BUY")-SUMIFS('Trade Log'!$F$5:$F$36,'Trade Log'!$D$5:$D$36,$B6,'Trade Log'!$C$5:$C$36,"SELL") | D6: =IFERROR(SUMPRODUCT(('Trade Log'!$D$5:$D$36=$B6)*('Trade Log'!$C$5:$C$36="BUY")*('Trade Log'!$F$5:$F$36*'Trade Log'!$G$5:$G$36+'Trade Log'!$H$5:$H$36))/SUMIFS('Trade Log'!$F$5:$F$36,'Trade Log'!$D$5:$D$36,$B6,'Trade Log'!$C$5:$C$36,"BUY"),0) | E6: 3320 | F6: =C6*D6 | G6: =C6*E6 | H6: =G6-F6 | I6: =IFERROR(H6/F6,0)
B7: USDT | C7: =SUMIFS('Trade Log'!$F$5:$F$36,'Trade Log'!$D$5:$D$36,$B7,'Trade Log'!$C$5:$C$36,"BUY")-SUMIFS('Trade Log'!$F$5:$F$36,'Trade Log'!$D$5:$D$36,$B7,'Trade Log'!$C$5:$C$36,"SELL") | D7: =IFERROR(SUMPRODUCT(('Trade Log'!$D$5:$D$36=$B7)*('Trade Log'!$C$5:$C$36="BUY")*('Trade Log'!$F$5:$F$36*'Trade Log'!$G$5:$G$36+'Trade Log'!$H$5:$H$36))/SUMIFS('Trade Log'!$F$5:$F$36,'Trade Log'!$D$5:$D$36,$B7,'Trade Log'!$C$5:$C$36,"BUY"),0) | E7: 1 | F7: =C7*D7 | G7: =C7*E7 | H7: =G7-F7 | I7: =IFERROR(H7/F7,0)
B8: SOL | C8: =SUMIFS('Trade Log'!$F$5:$F$36,'Trade Log'!$D$5:$D$36,$B8,'Trade Log'!$C$5:$C$36,"BUY")-SUMIFS('Trade Log'!$F$5:$F$36,'Trade Log'!$D$5:$D$36,$B8,'Trade Log'!$C$5:$C$36,"SELL") | D8: =IFERROR(SUMPRODUCT(('Trade Log'!$D$5:$D$36=$B8)*('Trade Log'!$C$5:$C$36="BUY")*('Trade Log'!$F$5:$F$36*'Trade Log'!$G$5:$G$36+'Trade Log'!$H$5:$H$36))/SUMIFS('Trade Log'!$F$5:$F$36,'Trade Log'!$D$5:$D$36,$B8,'Trade Log'!$C$5:$C$36,"BUY"),0) | E8: 152 | F8: =C8*D8 | G8: =C8*E8 | H8: =G8-F8 | I8: =IFERROR(H8/F8,0)
B9: BNB | C9: =SUMIFS('Trade Log'!$F$5:$F$36,'Trade Log'!$D$5:$D$36,$B9,'Trade Log'!$C$5:$C$36,"BUY")-SUMIFS('Trade Log'!$F$5:$F$36,'Trade Log'!$D$5:$D$36,$B9,'Trade Log'!$C$5:$C$36,"SELL") | D9: =IFERROR(SUMPRODUCT(('Trade Log'!$D$5:$D$36=$B9)*('Trade Log'!$C$5:$C$36="BUY")*('Trade Log'!$F$5:$F$36*'Trade Log'!$G$5:$G$36+'Trade Log'!$H$5:$H$36))/SUMIFS('Trade Log'!$F$5:$F$36,'Trade Log'!$D$5:$D$36,$B9,'Trade Log'!$C$5:$C$36,"BUY"),0) | E9: 0 | F9: =C9*D9 | G9: =C9*E9 | H9: =G9-F9 | I9: =IFERROR(H9/F9,0)
B10: XRP | C10: =SUMIFS('Trade Log'!$F$5:$F$36,'Trade Log'!$D$5:$D$36,$B10,'Trade Log'!$C$5:$C$36,"BUY")-SUMIFS('Trade Log'!$F$5:$F$36,'Trade Log'!$D$5:$D$36,$B10,'Trade Log'!$C$5:$C$36,"SELL") | D10: =IFERROR(SUMPRODUCT(('Trade Log'!$D$5:$D$36=$B10)*('Trade Log'!$C$5:$C$36="BUY")*('Trade Log'!$F$5:$F$36*'Trade Log'!$G$5:$G$36+'Trade Log'!$H$5:$H$36))/SUMIFS('Trade Log'!$F$5:$F$36,'Trade Log'!$D$5:$D$36,$B10,'Trade Log'!$C$5:$C$36,"BUY"),0) | E10: 0 | F10: =C10*D10 | G10: =C10*E10 | H10: =G10-F10 | I10: =IFERROR(H10/F10,0)
B11: ADA | C11: =SUMIFS('Trade Log'!$F$5:$F$36,'Trade Log'!$D$5:$D$36,$B11,'Trade Log'!$C$5:$C$36,"BUY")-SUMIFS('Trade Log'!$F$5:$F$36,'Trade Log'!$D$5:$D$36,$B11,'Trade Log'!$C$5:$C$36,"SELL") | D11: =IFERROR(SUMPRODUCT(('Trade Log'!$D$5:$D$36=$B11)*('Trade Log'!$C$5:$C$36="BUY")*('Trade Log'!$F$5:$F$36*'Trade Log'!$G$5:$G$36+'Trade Log'!$H$5:$H$36))/SUMIFS('Trade Log'!$F$5:$F$36,'Trade Log'!$D$5:$D$36,$B11,'Trade Log'!$C$5:$C$36,"BUY"),0) | E11: 0 | F11: =C11*D11 | G11: =C11*E11 | H11: =G11-F11 | I11: =IFERROR(H11/F11,0)
B12: DOGE | C12: =SUMIFS('Trade Log'!$F$5:$F$36,'Trade Log'!$D$5:$D$36,$B12,'Trade Log'!$C$5:$C$36,"BUY")-SUMIFS('Trade Log'!$F$5:$F$36,'Trade Log'!$D$5:$D$36,$B12,'Trade Log'!$C$5:$C$36,"SELL") | D12: =IFERROR(SUMPRODUCT(('Trade Log'!$D$5:$D$36=$B12)*('Trade Log'!$C$5:$C$36="BUY")*('Trade Log'!$F$5:$F$36*'Trade Log'!$G$5:$G$36+'Trade Log'!$H$5:$H$36))/SUMIFS('Trade Log'!$F$5:$F$36,'Trade Log'!$D$5:$D$36,$B12,'Trade Log'!$C$5:$C$36,"BUY"),0) | E12: 0 | F12: =C12*D12 | G12: =C12*E12 | H12: =G12-F12 | I12: =IFERROR(H12/F12,0)
B13: TOTAL | F13: =SUM(F5:F12) | G13: =SUM(G5:G12) | H13: =SUM(H5:H12) | I13: =IFERROR(H13/F13,0)
B15: * Current Price is the only column you edit — paste live prices from your exchange or CoinGecko.

Sheet Trade Log
B2: Trade Log
B4: Date | C4: Type | D4: Coin | E4: Exchange | F4: Qty | G4: Price (USD) | H4: Fee (USD) | I4: Total (USD)
B5: 46218 | C5: BUY | D5: BTC | E5: Binance | F5: 0.05 | G5: 88000 | H5: 4.4 | I5: =IF(F5="","",IF(C5="SELL",F5*G5-H5,F5*G5+H5))
B6: 46219 | C6: BUY | D6: ETH | E6: Binance | F6: 1.5 | G6: 2950 | H6: 3.2 | I6: =IF(F6="","",IF(C6="SELL",F6*G6-H6,F6*G6+H6))
B7: 46221 | C7: BUY | D7: SOL | E7: Coinbase | F7: 25 | G7: 128 | H7: 1.2 | I7: =IF(F7="","",IF(C7="SELL",F7*G7-H7,F7*G7+H7))
B8: 46225 | C8: SELL | D8: ETH | E8: Binance | F8: 0.5 | G8: 3350 | H8: 1.5 | I8: =IF(F8="","",IF(C8="SELL",F8*G8-H8,F8*G8+H8))
I9: =IF(F9="","",IF(C9="SELL",F9*G9-H9,F9*G9+H9))
I10: =IF(F10="","",IF(C10="SELL",F10*G10-H10,F10*G10+H10))
I11: =IF(F11="","",IF(C11="SELL",F11*G11-H11,F11*G11+H11))
I12: =IF(F12="","",IF(C12="SELL",F12*G12-H12,F12*G12+H12))
I13: =IF(F13="","",IF(C13="SELL",F13*G13-H13,F13*G13+H13))
I14: =IF(F14="","",IF(C14="SELL",F14*G14-H14,F14*G14+H14))
I15: =IF(F15="","",IF(C15="SELL",F15*G15-H15,F15*G15+H15))
I16: =IF(F16="","",IF(C16="SELL",F16*G16-H16,F16*G16+H16))
I17: =IF(F17="","",IF(C17="SELL",F17*G17-H17,F17*G17+H17))
I18: =IF(F18="","",IF(C18="SELL",F18*G18-H18,F18*G18+H18))
I19: =IF(F19="","",IF(C19="SELL",F19*G19-H19,F19*G19+H19))
I20: =IF(F20="","",IF(C20="SELL",F20*G20-H20,F20*G20+H20))
... I36: =IF(F36="","",IF(C36="SELL",F36*G36-H36,F36*G36+H36))
B38: One trade per row. Total is computed automatically. Need more rows? Drag-fill down from the last row.

Sheet Lists
B2: Reference Lists
B4: Coin | D4: Exchange | F4: Type
B5: BTC | D5: Binance | F5: BUY
B6: ETH | D6: Coinbase | F6: SELL
B7: USDT | D7: Kraken
B8: SOL | D8: OKX
B9: BNB | D9: Bybit
B10: XRP | D10: KuCoin
B11: ADA | D11: Gate.io
B12: DOGE | D12: Other
B15: Rename unused rows to any coin you hold — dropdowns update automatically.
